,CustomerID,Name,CustomerAge,CustomerGender,FullAddress,City,PhoneNumber,EmailID,DOB
0,U001,Teresa Coleman,90,Female,"589 Julie Cape, Toddberg, AK 15511",Philadelphia,6805671430,stacy06@example.com,1961-05-16
1,U002,April Thompson,27,Male,"819 Davila Gardens, Ingrammouth, OH 73440",New York City,9035430519,wsoto@example.org,1963-12-25
2,U003,Brittany Patel,55,Male,"219 Powell Throughway, Lake Maurice, MA 14763",Chicago,5533860370,oliverelizabeth@example.net,1934-07-19
3,U004,Ricky Christensen,77,Male,"745 Courtney Cliffs Suite 325, New Edward, MI 67479",San Antonio,3968078573,rbarrera@example.com,1944-10-17
4,U005,Dennis Kelly,47,Female,"982 Joseph Port Suite 433, Mariabury, AS 46495",Houston,2506634825,mthomas@example.net,1974-06-30
5,U006,Molly Jackson,26,Female,"390 Kevin Divide Apt. 903, Larryburgh, MH 45179",Chicago,0818216378,blankenshipmichael@example.net,1937-04-10
6,U007,William Gay,30,Male,"4680 Shannon Greens Apt. 332, Lake Jennifer, CT 45451",Philadelphia,3430872159,courtneybutler@example.org,1938-05-08
7,U008,Christopher Ferguson,89,Male,"72346 Price Ferry, Williamsmouth, PR 23941",San Diego,0554438424,monique19@example.net,1981-10-18
8,U009,Elizabeth Roberts,72,Male,"95181 David Glens, Pottsport, AZ 06083",New York City,4626303626,williammiles@example.net,1967-01-21
9,U010,Elizabeth Woodward,49,Male,"467 Casey Point, New Jennifer, FL 15689",San Antonio,2384775301,iwoods@example.net,1937-02-23
10,U011,Mark Anderson,34,Female,"987 Jacqueline Courts, East Sharonview, LA 89663",Philadelphia,8503778418,amy47@example.net,1956-02-22
11,U012,Latoya Banks,52,Female,"485 Jesse Plaza, Ashleyside, MD 84664",Houston,8929633589,valentinematthew@example.com,1941-11-13
12,U013,Jesus Atkinson,72,Male,"737 Kristina Village Suite 751, Russellberg, ND 45110",Houston,8517937578,ejones@example.com,1971-09-01
13,U014,Chad Robinson,73,Male,"2285 Jeremy Ville Suite 355, Lake Janetborough, ME 75864",Chicago,8929752909,matthew15@example.com,1949-03-06
14,U015,Christopher Owens,27,Male,"573 Whitaker Neck Suite 679, Smithport, MO 60768",Phoenix,6699705537,bdixon@example.com,1970-12-18
15,U016,Jonathan Sanchez,89,Male,"78325 Sharon Club, North Kathryn, MT 95318",New York City,1426055801,annakirk@example.net,1988-08-16
16,U017,Derek Berry,89,Male,"573 Sheila Vista, Port Mikayla, NY 80541",Phoenix,6028720131,dtaylor@example.com,1968-12-25
17,U018,Ruth Weiss,25,Male,"96093 Morgan Drive Apt. 047, East Leahland, GA 04980",Dallas,0271685837,krausejanet@example.org,1982-07-29
18,U019,Ashley Cross,71,Female,"22575 Palmer Wells, New Sarah, WY 45987",Los Angeles,2091944097,amyfranklin@example.net,2004-06-28
19,U020,Amy Berry,71,Female,"1637 Glover Parkways Suite 198, Coleshire, TX 51266",Chicago,7692906550,houstonluis@example.org,1984-08-25
20,U021,Michael Kelley,27,Male,"06129 Jordan Mount Suite 435, East Katherine, MI 53219",New York City,0242470343,fgregory@example.net,2001-12-11
21,U022,Austin Poole,77,Female,"6738 Blackburn Gardens Suite 336, North Patrickberg, SC 84128",Phoenix,4008312416,cody44@example.com,2001-04-24
22,U023,Jennifer Wells,21,Female,"91510 Tiffany Groves Apt. 270, Danielfort, NV 76103",Los Angeles,7291274778,cookjames@example.org,1972-03-14
23,U024,Karen Miller,49,Male,"1922 Blackwell Brooks, South Erin, KY 90262",Phoenix,4883556522,phillip27@example.com,1953-10-05
24,U025,Sarah Mcconnell,65,Female,"0669 Scott Courts, Wuport, MA 05702",Houston,8797639567,deborahcollins@example.com,1943-02-04
25,U026,Rachel Edwards,79,Female,"3589 Casey Freeway, Derekchester, GA 21046",New York City,5941711820,dianasmith@example.com,1951-07-18
26,U027,Matthew Goodman,86,Male,"23287 Cervantes Rapids Suite 559, Coryview, OK 46851",Dallas,6544605536,amanda36@example.net,1942-05-29
27,U028,Andrew Nguyen,82,Female,"628 Taylor River Suite 869, Port Chadtown, DE 05702",Los Angeles,1485683677,david65@example.net,1976-09-09
28,U029,Kristine Lee,87,Male,"6265 Camacho Forks Suite 088, Dominguezfurt, NJ 75727",San Antonio,7710361478,dustingarcia@example.net,1973-08-22
29,U030,Amanda Walker,64,Female,"59304 Holly Point, Gabrielview, CA 40976",Phoenix,9296634490,wiseelizabeth@example.com,1948-12-30
30,U031,Ryan Wallace,38,Male,"2106 David Falls, Jonesfort, VA 53922",San Jose,8389542883,jordan49@example.com,1977-03-15
31,U032,Julia Robinson,40,Male,"29581 Alexis Mount Apt. 692, Robinsonchester, CA 62462",Chicago,4408699805,smithjasmin@example.net,1964-08-04
32,U033,Gregory Jones,68,Female,"01467 Laurie Key, Griffithtown, TX 58063",Los Angeles,7159037540,pearsonwilliam@example.com,1963-05-26
33,U034,Jordan Evans,42,Female,"736 Finley Circles, Amberfort, IL 09909",Houston,9057984044,kimberlysavage@example.com,2001-04-29
34,U035,Chase Smith MD,38,Male,"371 Lynn Plains, West Thomastown, MH 94532",Los Angeles,3007277433,garcialinda@example.com,1959-02-13
35,U036,Rebecca Yang,31,Female,"76287 Michael Center Apt. 776, Tammytown, IN 53318",New York City,0349338797,jared16@example.net,2002-06-16
36,U037,Amanda Carrillo,83,Female,"22977 Hawkins Alley Suite 367, Royfort, MH 43026",New York City,2280448968,yolanda28@example.net,1977-10-02
37,U038,Robert Collins,57,Male,"9247 Moore Square Suite 222, Fritzside, VT 45125",San Antonio,7907986108,carl54@example.com,1985-04-26
38,U039,Lauren Johnson,39,Male,"Unit 1402 Box 7616, DPO AA 72128",New York City,4376067791,uvelasquez@example.com,1939-10-15
39,U040,Angel Johnson,21,Female,"3064 Raymond Forest Apt. 937, West Kimberly, HI 63924",Houston,4944300976,joshua10@example.com,1961-05-02
40,U041,Kimberly Green,81,Female,"USNV Conley, FPO AE 10998",San Jose,2053685985,hunterberg@example.net,1959-07-28
41,U042,Alex Gonzalez,38,Female,"037 Brandon Union, West Jonathan, WV 17051",Houston,9849605425,zsmith@example.net,1987-05-30
42,U043,Joseph Wright,52,Female,"3139 Johnson Light, Garciachester, IA 22255",Phoenix,2809363336,vcastro@example.org,1940-02-24
43,U044,David Smith,21,Female,"1666 Padilla Crossing, Lauramouth, KS 66085",Chicago,7326496566,nunezjordan@example.org,1984-11-25
44,U045,Rebecca Rodriguez,33,Male,"43559 Miller Vista, Wilsonshire, SD 89840",Los Angeles,4524755810,eric04@example.net,1938-12-09
45,U046,Jasmine Schwartz,29,Male,"6796 Lisa Manors Suite 788, New Bethton, GA 35567",Los Angeles,5498691688,lgutierrez@example.net,1978-02-05
46,U047,Marissa Jones,89,Female,"19406 Phillips Crossing Suite 402, West Raymondton, AR 16064",Phoenix,9536965892,bbruce@example.org,1977-12-20
47,U048,Stephanie Jensen,74,Male,"517 Patricia Burgs Suite 809, West Mark, ND 42418",Los Angeles,7470287662,acalderon@example.net,1972-08-14
48,U049,John Reynolds,72,Male,"24873 Grant Place Suite 238, East Travis, MA 55066",New York City,2853165827,ynguyen@example.net,1940-08-29
49,U050,Dr. Jason Stokes DVM,54,Female,"Unit 6830 Box 5582, DPO AA 87638",San Diego,6146007449,ccarlson@example.com,2002-06-15
50,U051,Anthony Marshall,62,Female,"13676 Simmons Landing, Kristyfort, WI 97066",Houston,2827029682,mcochran@example.com,2002-03-22
51,U052,David Henry,42,Female,"210 Tamara Mount Suite 913, Jessicaside, ND 67183",Philadelphia,9734981225,owensdavid@example.net,1977-03-12
52,U053,Steven Burke,57,Female,"USS Thomas, FPO AE 33847",Houston,5175812717,oconrad@example.net,1959-09-18
53,U054,Deborah Nguyen,27,Female,"23828 Garcia Loaf Suite 197, South John, AK 19779",Houston,8847874557,timothytaylor@example.com,1960-02-13
54,U055,Savannah Crawford PhD,67,Female,"8974 Alexander View, West Kaitlyn, MS 19540",Houston,3639482886,diazbryan@example.org,2001-03-22
55,U056,Tanya Ross,60,Male,"7431 Wallace Meadow, Christopherhaven, OH 32878",Chicago,4663572897,lindagates@example.com,1938-09-06
56,U057,Dr. Richard Jackson,25,Female,"839 Mcgee Square, Wilsonmouth, AR 07272",San Jose,0855923622,khinton@example.org,1975-02-15
57,U058,Maria Collier,42,Male,"661 Little Gateway, South Melissa, WA 59588",New York City,8175896287,jessejohnson@example.com,1935-10-13
58,U059,Danny Montgomery,45,Male,"23269 Butler Glens, New Kayla, NJ 19099",Phoenix,4268755124,rwhite@example.org,1937-01-11
59,U060,Gary Murray,88,Female,"64394 Christina Valley, Karenfort, MP 54789",Los Angeles,4097494291,ehughes@example.net,1996-04-19
60,U061,Austin Clark,65,Male,"67098 Hall Hills, South Richardville, OK 14534",Los Angeles,7330293066,pdillon@example.org,1985-04-17
61,U062,Linda Long,26,Male,"38091 Guzman Drive Suite 620, Popeport, RI 25144",Los Angeles,9278502254,mcclurerichard@example.com,2001-05-27
62,U063,Derek Simmons,82,Female,"9524 Jason Crescent Suite 742, Port Brandonfurt, PW 42029",San Jose,3314856283,christopherkelly@example.org,1975-09-11
63,U064,Christopher Mclean,44,Female,"Unit 2829 Box 9393, DPO AA 49820",Philadelphia,3553422822,dylan06@example.com,1948-08-20
64,U065,Tonya Williams,51,Female,"87650 Carlson Pines Suite 256, East Joshua, IL 18787",New York City,8749183176,glawson@example.net,1941-06-08
65,U066,Maria Adkins,57,Male,"86816 Julie Trafficway Suite 152, New Seanfort, TX 81820",New York City,7435990443,pedwards@example.net,1935-01-16
66,U067,Gwendolyn Santiago,34,Female,"964 Michael Center, Brooksmouth, GA 76914",San Jose,8997326571,jamesphillips@example.com,1945-07-25
67,U068,Walter Brewer,89,Female,"8032 Dodson Plain Suite 748, West Kimberly, WV 87297",Chicago,7738578358,joel20@example.org,1939-01-01
68,U069,Rose Carlson,27,Male,"79033 John Pike Suite 128, Vegachester, SC 68933",Chicago,7070739172,juan99@example.net,1964-12-13
69,U070,Meghan Walker,24,Male,"70561 Michael Neck, New Zachary, UT 40004",Houston,7316004201,lbooth@example.org,1934-04-09
70,U071,Nicole Peterson,44,Male,"066 Stephanie Village, Port Jon, ID 10130",Chicago,8061486511,steven87@example.net,1990-09-24
71,U072,Jenna Jefferson,31,Male,"19252 Jimmy Ramp Apt. 361, Lake Hannahstad, DC 12311",Dallas,4228435944,brian37@example.org,1974-06-02
72,U073,Tracy Pierce,40,Male,"88492 Briggs Crossroad Suite 634, Robertborough, OH 93763",Phoenix,9027454930,lopezcody@example.net,1954-05-02
73,U074,Meghan Hanson,77,Female,"354 Leslie Shoal Apt. 260, Jeffreyborough, NH 97892",Houston,3722625935,urussell@example.net,1994-01-25
74,U075,Tony Stewart,20,Female,"343 Mack Rapids Apt. 186, South Sean, MH 07555",San Jose,3731894223,fjimenez@example.com,2005-10-29
75,U076,Kyle Pitts,81,Male,"87917 Kimberly Neck, Jaclynborough, FL 17185",Dallas,1902655698,tuckeraaron@example.net,1976-03-04
76,U077,Robert Stewart,87,Male,"79349 Allison Club, Lake Robert, PW 85860",New York City,3666500060,qrice@example.com,1984-06-04
77,U078,Deborah Ware,50,Female,"1244 Ford Pines Apt. 157, Friedmanhaven, FM 27628",Dallas,5280468857,ucook@example.org,2006-08-26
78,U079,James Galvan,41,Male,"4168 Carlson Street, East Victorialand, NM 38315",Los Angeles,2545106081,williamsalan@example.net,1966-02-13
79,U080,Monica Thompson,53,Female,"68133 Rodriguez Turnpike Suite 946, Lake Daniel, CO 53294",San Diego,3411803530,smithtammy@example.com,1977-11-09
80,U081,Kathy Barrera,78,Male,"051 Allen Villages, Anthonystad, OK 72815",Dallas,9323645856,steven46@example.net,2000-09-10
81,U082,David Stevens,57,Female,"74489 Megan Crest, Torresfurt, AK 03119",Philadelphia,6865948541,hamptoncatherine@example.com,1982-02-12
82,U083,Stacy Gutierrez,48,Female,"920 Julie Street Apt. 817, South Amanda, CT 55941",Philadelphia,4820787681,brendataylor@example.com,1972-11-13
83,U084,Miss Michele Douglas,67,Male,"739 Lisa Park Apt. 892, Claudiaport, AS 95368",Phoenix,0950757056,ashley80@example.net,1949-09-03
84,U085,Lisa Lee MD,26,Female,"1060 Jeffery Walks Suite 084, Nelsonview, MP 12399",Houston,9712219240,julie68@example.net,1955-08-28
85,U086,Justin Rogers,38,Female,"19461 King Causeway, North Christopherview, CT 68910",Dallas,3175838068,hensonalexis@example.org,1975-11-28
86,U087,Ryan Hopkins,77,Female,"0270 Cunningham Oval, Cherylchester, IN 57264",Los Angeles,4526590087,zboyle@example.com,1952-02-15
87,U088,Gary Fisher,79,Male,"41182 Carlos Shore Suite 353, Graymouth, ID 84031",New York City,1148320055,oturner@example.net,1993-08-26
88,U089,Michelle Walker,50,Male,"707 Anderson Lake, Port Carl, DC 04422",Los Angeles,9163083348,olsonandrew@example.com,1950-07-11
89,U090,Kathleen Harrington,86,Female,"69356 Don Track Suite 708, Port Kennethville, IA 65815",Houston,9837642344,mark53@example.org,1970-08-11
90,U091,Tyler Martinez,77,Male,"97952 Justin Mill Apt. 907, Frederickmouth, WV 19744",Phoenix,7903743939,stevenlevy@example.com,1986-11-13
91,U092,Mrs. Katrina Obrien DVM,52,Female,"PSC 3918, Box 7748, APO AA 66147",Chicago,8737478231,hunterkimberly@example.org,1974-01-24
92,U093,Laura Sims,64,Male,"PSC 2726, Box 2476, APO AA 12151",Houston,1541761569,qrodriguez@example.net,1974-10-28
93,U094,Jamie Downs,43,Male,"439 Stevens Burg Apt. 000, Robinborough, GU 96051",Dallas,3759142988,erikfleming@example.com,1964-07-07
94,U095,Brianna Delgado,53,Male,"58073 Shannon Station, Mooneyhaven, NY 99053",Phoenix,7711411642,williamgates@example.com,1988-10-13
95,U096,Steven Higgins,55,Female,"3048 Young Drive, Harveyfort, GU 43285",Houston,5481522353,sarahmiller@example.org,1965-06-21
96,U097,Eric Wong,25,Male,"180 Austin Station Apt. 748, Matthewberg, MH 69341",San Antonio,9593039931,richardkerr@example.net,1954-12-12
97,U098,Alicia Hunter,27,Female,"USNS Davis, FPO AP 71975",San Jose,5763366702,hgardner@example.net,1980-04-27
98,U099,Michael Brown,53,Male,"019 Barr Crossing Apt. 077, Emilyton, SD 47624",New York City,2219701693,delgadomelissa@example.net,1957-05-15
99,U100,Eric Kim,42,Male,"80805 Butler Falls Apt. 612, Williamsonton, MD 67193",San Antonio,0682781024,robert99@example.net,1956-02-27
